acc_mag_mean,acc_mag_std,acc_mag_var,acc_x_mean,acc_x_std,acc_x_var,acc_y_mean,acc_y_std,acc_y_var,acc_z_mean,acc_z_std,acc_z_var,acc_SMA,acc_corr_xy,acc_corr_xz,acc_corr_yz,acc_dom_freq,acc_spec_energy,acc_top3_energy_ratio,gyro_mag_mean,gyro_mag_std,gyro_mag_var,gyro_x_mean,gyro_x_std,gyro_x_var,gyro_y_mean,gyro_y_std,gyro_y_var,gyro_z_mean,gyro_z_std,gyro_z_var,gyro_SMA,gyro_corr_xy,gyro_corr_xz,gyro_corr_yz,gyro_dom_freq,gyro_spec_energy,gyro_top3_energy_ratio,SourceFile,Activity
0.054523080813162254,2.257023589718098,5.094155484543969,0.054523080813162254,2.257023589718098,5.094155484543969,,,,0.1340203016293972,4.5083788367950035,20.325479736061066,1.6414434689815196,,0.24561904038677396,,1.9967234165807635,898697.6702281946,0.17695664079971055,,,,,,,,,,,,,,,,,,,,c:\Users\HP\Hidden-Markov-Models\Jumping_1-2025-10-24_13-03-55\Accelerometer.csv,Jumping
,,,,,,,,,,,,,,,,,,,0.04398434372032406,1.7687574566191386,3.128502940345804,0.04398434372032406,1.7687574566191386,3.128502940345804,,,,-0.42840343176525225,0.743147014639364,0.552267485367399,1.3463140435772398,,-0.1093464180844467,,1.9967234165807635,551924.0619320605,0.40251334028283614,c:\Users\HP\Hidden-Markov-Models\Jumping_1-2025-10-24_13-03-55\Gyroscope.csv,Jumping
0.07256033952269118,2.2024612990041077,4.850835773610862,0.07256033952269118,2.2024612990041077,4.850835773610862,,,,-0.002831849821285057,5.4956198999194426,30.201838084390584,1.6858801486321269,,0.2738591257034685,,1.8657110727765698,813090.2294792748,0.22044337546969603,,,,,,,,,,,,,,,,,,,,c:\Users\HP\Hidden-Markov-Models\Jumping_1-2025-10-25_05-20-38\Accelerometer.csv,Jumping
,,,,,,,,,,,,,,,,,,,0.041977948539718236,1.989940638392706,3.9598637443267704,0.041977948539718236,1.989940638392706,3.9598637443267704,,,,-0.12186956493021511,0.7822625556437243,0.6119347059622509,1.6452167349222513,,-0.0067745194236189165,,1.8657110727765698,663754.2520069445,0.6949105316046157,c:\Users\HP\Hidden-Markov-Models\Jumping_1-2025-10-25_05-20-38\Gyroscope.csv,Jumping
0.09596312603474978,2.1130188011988533,4.464848454219839,0.09596312603474978,2.1130188011988533,4.464848454219839,,,,-0.07054203967837726,4.8361513409257,23.38835979233745,1.579468846827855,,0.12340022866274361,,3.866130956086335,660580.2633855544,0.19746385816657713,,,,,,,,,,,,,,,,,,,,c:\Users\HP\Hidden-Markov-Models\Jumping_1-2025-10-25_05-28-36\Accelerometer.csv,Jumping
,,,,,,,,,,,,,,,,,,,0.05436793487495058,1.784787545754212,3.1854665834793434,0.05436793487495058,1.784787545754212,3.1854665834793434,,,,-0.3284231802745661,0.6536046131543775,0.42719899033668346,1.4657569139629179,,-0.22482784333647157,,1.883499696555061,471345.9949777325,0.48047565570173667,c:\Users\HP\Hidden-Markov-Models\Jumping_1-2025-10-25_05-28-36\Gyroscope.csv,Jumping
0.07013210765533633,2.02393218351208,4.096301483455975,0.07013210765533633,2.02393218351208,4.096301483455975,,,,-0.060808904759295575,5.149824442030058,26.520691783730197,1.5652985304303757,,0.24755443609737313,,1.9855962149572897,437144.24741587654,0.27321807363325484,,,,,,,,,,,,,,,,,,,,c:\Users\HP\Hidden-Markov-Models\Jumping_1-2025-10-25_05-36-41\Accelerometer.csv,Jumping
,,,,,,,,,,,,,,,,,,,0.05128511103155739,1.805654546209128,3.2603883402456924,0.05128511103155739,1.805654546209128,3.2603883402456924,,,,0.17422702913846394,0.810019760753694,0.6561320128114717,1.502264385099561,,0.19534205082476436,,1.9856483071002589,349462.6293202455,0.7001538106698093,c:\Users\HP\Hidden-Markov-Models\Jumping_1-2025-10-25_05-36-41\Gyroscope.csv,Jumping
-0.007746878016992394,1.9219571447355701,3.693919266200105,-0.007746878016992394,1.9219571447355701,3.693919266200105,,,,-0.033233471125720504,3.8521073957656395,14.838731388512336,1.4988019876033662,,0.19459784966697072,,2.0416601080854466,465427.78573451174,0.29617944807304614,,,,,,,,,,,,,,,,,,,,c:\Users\HP\Hidden-Markov-Models\Jumping_1-2025-10-25_05-43-47\Accelerometer.csv,Jumping
,,,,,,,,,,,,,,,,,,,0.02652972518462702,1.7769578640123334,3.1575792504752744,0.02652972518462702,1.7769578640123334,3.1575792504752744,,,,-0.1856735345881536,0.76175462302877,0.5802701057057035,1.4578987825068226,,-0.01459757953888885,,2.0416601080854955,397861.2082850643,0.6789367193450918,c:\Users\HP\Hidden-Markov-Models\Jumping_1-2025-10-25_05-43-47\Gyroscope.csv,Jumping
0.2667642666865851,3.238441696490575,10.487504621568752,0.2667642666865851,3.238441696490575,10.487504621568752,,,,-0.0035578135315698658,5.361521792687151,28.74591593345924,2.274080916613568,,0.32567275553158237,,1.8528805597725864,1439808.4244821658,0.2701016459626391,,,,,,,,,,,,,,,,,,,,c:\Users\HP\Hidden-Markov-Models\Jumping_2-2025-10-25_05-21-14\Accelerometer.csv,Jumping
,,,,,,,,,,,,,,,,,,,0.015649024588642427,1.8406232952027786,3.3878941148431347,0.015649024588642427,1.8406232952027786,3.3878941148431347,,,,-0.01636071029458664,0.8976327424254741,0.8057445402742774,1.545284295443513,,-0.25995793747381973,,1.8528805597725864,465116.89151560835,0.5547831815816457,c:\Users\HP\Hidden-Markov-Models\Jumping_2-2025-10-25_05-21-14\Gyroscope.csv,Jumping
0.03811893730997835,2.1629796947425723,4.678481159868672,0.03811893730997835,2.1629796947425723,4.678481159868672,,,,0.08585753285455458,4.781856046513156,22.866147249574436,1.6572078221683642,,0.18417133136487351,,3.8908960469064433,795071.9006554843,0.15448888159451665,,,,,,,,,,,,,,,,,,,,c:\Users\HP\Hidden-Markov-Models\Jumping_2-2025-10-25_05-30-19\Accelerometer.csv,Jumping
,,,,,,,,,,,,,,,,,,,0.023684452214495163,1.8652657310058036,3.479216247264615,0.023684452214495163,1.8652657310058036,3.479216247264615,,,,-0.037038107189327506,0.8160376086707091,0.6659173787650093,1.5118270916991854,,-0.12321826982847967,,1.938813501855945,593303.6302171041,0.5836884640893946,c:\Users\HP\Hidden-Markov-Models\Jumping_2-2025-10-25_05-30-19\Gyroscope.csv,Jumping
0.13366483817872118,2.572794503422538,6.619271556841223,0.13366483817872118,2.572794503422538,6.619271556841223,,,,-0.10391447723728336,4.647938810960798,21.60333519043568,1.867272232161605,,0.531787839653735,,1.9387626350562899,1128763.8231933962,0.22932532393411498,,,,,,,,,,,,,,,,,,,,c:\Users\HP\Hidden-Markov-Models\Jumping_2-2025-10-25_05-37-14\Accelerometer.csv,Jumping
,,,,,,,,,,,,,,,,,,,0.04518217127172162,1.865359856673908,3.479567394890503,0.04518217127172162,1.865359856673908,3.479567394890503,,,,0.0016374676340827335,0.8301187879074579,0.689097202036947,1.5417370358677358,,-0.17077908018579596,,1.9387626350562899,593363.6233476276,0.7147430876834083,c:\Users\HP\Hidden-Markov-Models\Jumping_2-2025-10-25_05-37-14\Gyroscope.csv,Jumping
-0.032278456761302275,2.036183085808442,4.14604155893239,-0.032278456761302275,2.036183085808442,4.14604155893239,,,,-0.1096345714935766,4.739806936114897,22.465769791642888,1.5548066916242618,,0.2879306235345473,,2.094559787377987,728949.6836739555,0.16959421730851376,,,,,,,,,,,,,,,,,,,,c:\Users\HP\Hidden-Markov-Models\Jumping_2-2025-10-25_05-44-10\Accelerometer.csv,Jumping
,,,,,,,,,,,,,,,,,,,0.0169787410598695,1.6641077323186095,2.769254544762585,0.0169787410598695,1.6641077323186095,2.769254544762585,,,,-0.041879410532183595,0.7427069559742031,0.5516136224524668,1.3571299060214015,,-0.27354318070142236,,2.094559787377987,485262.0106368592,0.5190994715491587,c:\Users\HP\Hidden-Markov-Models\Jumping_2-2025-10-25_05-44-10\Gyroscope.csv,Jumping
0.008788412401277314,2.1676129829619066,4.698546043905015,0.008788412401277314,2.1676129829619066,4.698546043905015,,,,-0.30792800401921383,4.887938303872493,23.891940862463898,1.6949508328786447,,-0.2324538320341907,,1.8228151701393709,744644.9183199588,0.3377686445518109,,,,,,,,,,,,,,,,,,,,c:\Users\HP\Hidden-Markov-Models\Jumping_3-2025-10-24_13-16-34\Accelerometer.csv,Jumping
,,,,,,,,,,,,,,,,,,,-0.002691852481751231,1.409823272543502,1.98760165980527,-0.002691852481751231,1.409823272543502,1.98760165980527,,,,0.10380294049641722,0.7023817568793239,0.49334013239688573,1.164317733487842,,-0.1806802303735959,,1.8228629892103645,315002.414848608,0.6617769188130203,c:\Users\HP\Hidden-Markov-Models\Jumping_3-2025-10-24_13-16-34\Gyroscope.csv,Jumping
-0.055282390998757404,2.3903953561046296,5.71398995848658,-0.055282390998757404,2.3903953561046296,5.71398995848658,,,,-0.3743358964505403,4.9724693530790685,24.725451467310567,1.9181104949764582,,-0.49226498362083304,,1.8784869356415106,944581.1509961806,0.37909845614494625,,,,,,,,,,,,,,,,,,,,c:\Users\HP\Hidden-Markov-Models\Jumping_4-2025-10-24_13-17-55\Accelerometer.csv,Jumping
,,,,,,,,,,,,,,,,,,,0.018543862052585767,1.5369353720133936,2.362170337745949,0.018543862052585767,1.5369353720133936,2.362170337745949,,,,0.05886190542789257,0.7722977570164062,0.596443825492572,1.217128966100838,,-0.2578570747415056,,1.8784869356415106,390495.11481727666,0.47473691059100087,c:\Users\HP\Hidden-Markov-Models\Jumping_4-2025-10-24_13-17-55\Gyroscope.csv,Jumping
-0.015458843262823877,0.16674411746018483,0.02780360070757592,-0.015458843262823877,0.16674411746018483,0.02780360070757592,,,,-0.003453109900988835,0.20816058919119,0.04333083089242336,0.1163608118709677,,0.048321947439576546,,0.8482907162975871,4564.238008887603,0.20637474588199106,,,,,,,,,,,,,,,,,,,,c:\Users\HP\Hidden-Markov-Models\Standing_1-2025-10-24_13-00-49\Accelerometer.csv,Standing
,,,,,,,,,,,,,,,,,,,-0.013178843669212046,0.12365169544994312,0.015289741787645484,-0.013178843669212046,0.12365169544994312,0.015289741787645484,,,,0.006164874845810671,0.07116502361490223,0.005064460586109592,0.07719728576107829,,-0.1380278708156169,,0.09392496276022234,2518.7835968561103,0.2121211124242738,c:\Users\HP\Hidden-Markov-Models\Standing_1-2025-10-24_13-00-49\Gyroscope.csv,Standing
0.01656396357788586,0.20397058066362558,0.04160399777625659,0.01656396357788586,0.20397058066362558,0.04160399777625659,,,,-0.005202696356974856,0.2902196320465292,0.08422743482522277,0.14267441623804852,,-0.09315372161113414,,2.6581961387549224,6711.192294920303,0.13368886215988807,,,,,,,,,,,,,,,,,,,,c:\Users\HP\Hidden-Markov-Models\Standing_1-2025-10-25_05-19-30\Accelerometer.csv,Standing
,,,,,,,,,,,,,,,,,,,0.02399013879367488,0.14708411852483372,0.021633737922227336,0.02399013879367488,0.14708411852483372,0.021633737922227336,,,,-0.010444627775528636,0.06731806070357013,0.004531721296889553,0.10051435182983147,,0.3031639637111087,,2.6581961387549224,3489.781420860647,0.21728243400697086,c:\Users\HP\Hidden-Markov-Models\Standing_1-2025-10-25_05-19-30\Gyroscope.csv,Standing
0.05404080518224539,0.3957862453445276,0.1566467520039186,0.05404080518224539,0.3957862453445276,0.1566467520039186,,,,-0.0037303726749516666,0.42262706387904453,0.178613635123022,0.20682348303251832,,0.024636530095599855,,1.3660889323005416,27538.020337736238,0.11572680705358054,,,,,,,,,,,,,,,,,,,,c:\Users\HP\Hidden-Markov-Models\Standing_1-2025-10-25_05-32-16\Accelerometer.csv,Standing
,,,,,,,,,,,,,,,,,,,0.012067967437052214,0.14042121814600939,0.01971811850560916,0.012067967437052214,0.14042121814600939,0.01971811850560916,,,,-0.06819136176709067,0.22224014318228574,0.04939068124168287,0.08183640735769644,,-0.5353371372666429,,0.5464355729202167,3466.789867364985,0.14513317314200908,c:\Users\HP\Hidden-Markov-Models\Standing_1-2025-10-25_05-32-16\Gyroscope.csv,Standing
0.009028263015598314,0.18105487721059652,0.03278086856174418,0.009028263015598314,0.18105487721059652,0.03278086856174418,,,,0.013778677432954417,0.26025720881825415,0.06773381474186835,0.11990399464990689,,0.22308952190926085,,3.4634328252129563,5456.314928071498,0.09817057966210423,,,,,,,,,,,,,,,,,,,,c:\Users\HP\Hidden-Markov-Models\Standing_1-2025-10-25_05-37-42\Accelerometer.csv,Standing
,,,,,,,,,,,,,,,,,,,0.027185741071806813,0.10716064391450149,0.011483403604170585,0.027185741071806813,0.10716064391450149,0.011483403604170585,,,,-0.009551621815205835,0.08632950256798318,0.007452783013635414,0.07240059183065366,,-0.15168448768996678,,0.09328371805578378,1918.2085135847356,0.22815320876478196,c:\Users\HP\Hidden-Markov-Models\Standing_1-2025-10-25_05-37-42\Gyroscope.csv,Standing
0.0018526700074149554,0.07153982154698676,0.005117946066974711,0.0018526700074149554,0.07153982154698676,0.005117946066974711,,,,-0.004307578356821129,0.09049231951966737,0.008188859892049571,0.05263537188470858,,0.21460165789209876,,4.341790669323773,911.9730061368862,0.13884936534229322,,,,,,,,,,,,,,,,,,,,c:\Users\HP\Hidden-Markov-Models\Standing_1-2025-10-25_05-46-04\Accelerometer.csv,Standing
,,,,,,,,,,,,,,,,,,,-2.9544783225732172e-05,0.025950813982373692,0.000673444746347762,-2.9544783225732172e-05,0.025950813982373692,0.000673444746347762,,,,-0.001535815301458887,0.016345409595184948,0.00026717241483436416,0.017251191207190538,,-0.05579160828751172,,3.527704918825566,120.00888643283,0.17438961604209607,c:\Users\HP\Hidden-Markov-Models\Standing_1-2025-10-25_05-46-04\Gyroscope.csv,Standing
-0.013676879915534986,0.09702630926985392,0.00941410469052934,-0.013676879915534986,0.09702630926985392,0.00941410469052934,,,,0.0003588481791841419,0.17228336770796684,0.029681558788798516,0.07186317081782023,,0.011434519929860002,,3.6124299394061237,1599.7595466103753,0.11575923532925528,,,,,,,,,,,,,,,,,,,,c:\Users\HP\Hidden-Markov-Models\Standing_2-2025-10-24_13-14-47\Accelerometer.csv,Standing
,,,,,,,,,,,,,,,,,,,-0.0019009085537827334,0.06077893941266131,0.003694079476127954,-0.0019009085537827334,0.06077893941266131,0.003694079476127954,,,,-0.001749768296071354,0.039441703348546756,0.0015556479630347644,0.03143008222454423,,0.25396384686874024,,1.6672753566489802,627.7873973312396,0.12268707573189506,c:\Users\HP\Hidden-Markov-Models\Standing_2-2025-10-24_13-14-47\Gyroscope.csv,Standing
0.007590780225122403,0.08756963715093563,0.007668441350746526,0.007590780225122403,0.08756963715093563,0.007668441350746526,,,,-0.0041578167232731575,0.12578477799400073,0.015821810375000047,0.059725025497648035,,0.6542534052241475,,3.3700033591247416,1276.4345452819825,0.15920536817527917,,,,,,,,,,,,,,,,,,,,c:\Users\HP\Hidden-Markov-Models\Standing_2-2025-10-25_05-22-18\Accelerometer.csv,Standing
,,,,,,,,,,,,,,,,,,,0.010475315770176293,0.06446948410153448,0.0041563143803180075,0.010475315770176293,0.06446948410153448,0.0041563143803180075,,,,-0.003943511327660834,0.03923018433613323,0.0015390073630469926,0.030820658332805406,,-0.8452652868678399,,0.46805602210065855,691.8027775718549,0.19093857074928672,c:\Users\HP\Hidden-Markov-Models\Standing_2-2025-10-25_05-22-18\Gyroscope.csv,Standing
0.02483143266290426,0.17033903045681764,0.029015385296968645,0.02483143266290426,0.17033903045681764,0.029015385296968645,,,,-0.009880932172139483,0.13048419525448662,0.017026125211210993,0.09291534504542744,,-0.06934960004009735,,2.246237957236099,5222.764160459966,0.12261356088787305,,,,,,,,,,,,,,,,,,,,c:\Users\HP\Hidden-Markov-Models\Standing_2-2025-10-25_05-32-44\Accelerometer.csv,Standing
,,,,,,,,,,,,,,,,,,,0.018989420875880507,0.08279797382824898,0.006855504470063404,0.018989420875880507,0.08279797382824898,0.006855504470063404,,,,-0.008998524733058772,0.09684677264766096,0.009379297372267732,0.04233622751474682,,-0.33057976732309585,,0.45075513370039844,1229.863079592829,0.25180298480472874,c:\Users\HP\Hidden-Markov-Models\Standing_2-2025-10-25_05-32-44\Gyroscope.csv,Standing
0.000929250324999888,0.06269870217825747,0.003931127254837829,0.000929250324999888,0.06269870217825747,0.003931127254837829,,,,0.00030804429378809454,0.1116841642135239,0.012473352536073372,0.049053772139715644,,0.03252196142346755,,2.6393343854956117,645.2279726742488,0.1255413814261888,,,,,,,,,,,,,,,,,,,,c:\Users\HP\Hidden-Markov-Models\Standing_2-2025-10-25_05-46-32\Accelerometer.csv,Standing
,,,,,,,,,,,,,,,,,,,-0.004521759568153024,0.03599190135600768,0.0012954169632205877,-0.004521759568153024,0.03599190135600768,0.0012954169632205877,,,,0.001697389176521021,0.018074085832772875,0.0003266725786904412,0.023465473918452693,,0.07128935168484592,,1.0332830146031462,213.40277737901332,0.17945509494257308,c:\Users\HP\Hidden-Markov-Models\Standing_2-2025-10-25_05-46-32\Gyroscope.csv,Standing
0.006048745276599093,0.07267103170861913,0.005281078849595127,0.006048745276599093,0.07267103170861913,0.005281078849595127,,,,-0.0017931288686291894,0.11422533906633665,0.013047428084819573,0.057307033343561714,,0.29307596807027025,,2.695867173709147,888.2764654000619,0.09564457710029005,,,,,,,,,,,,,,,,,,,,c:\Users\HP\Hidden-Markov-Models\Standing_2_-2025-10-25_05-38-13\Accelerometer.csv,Standing
,,,,,,,,,,,,,,,,,,,0.004689964091762547,0.034892897579119106,0.0012175143014668958,0.004689964091762547,0.034892897579119106,0.0012175143014668958,,,,-0.00032016820161892545,0.0156740946719862,0.0002456772437863862,0.023008536222964837,,-0.35688599700613205,,0.27888281107336,204.78575529422974,0.26508336560455903,c:\Users\HP\Hidden-Markov-Models\Standing_2_-2025-10-25_05-38-13\Gyroscope.csv,Standing
0.0182925193216299,0.27261309391061,0.07431789897151506,0.0182925193216299,0.27261309391061,0.07431789897151506,,,,-0.0062275088797748195,0.3583700684872609,0.12842910598756407,0.1569567570853946,,0.0833876609030026,,1.3015384864003983,12540.142802671984,0.19252742510996973,,,,,,,,,,,,,,,,,,,,c:\Users\HP\Hidden-Markov-Models\Standing_3-2025-10-25_05-23-10\Accelerometer.csv,Standing
,,,,,,,,,,,,,,,,,,,0.0583243481367033,0.1794010334169769,0.032184730791079266,0.0583243481367033,0.1794010334169769,0.032184730791079266,,,,-0.0319901027202946,0.15782167582346232,0.024907681359726028,0.09907500950926944,,-0.06627555631282026,,0.09296703474288559,5432.154086556088,0.302216072427107,c:\Users\HP\Hidden-Markov-Models\Standing_3-2025-10-25_05-23-10\Gyroscope.csv,Standing
0.0067392399641855805,0.07060709936483069,0.004985362480715073,0.0067392399641855805,0.07060709936483069,0.004985362480715073,,,,0.0007146066396024215,0.10733987103951566,0.01152184791477985,0.05163511865322081,,-0.21330779198532163,,3.299189620440143,817.8823167158251,0.1849258118506011,,,,,,,,,,,,,,,,,,,,c:\Users\HP\Hidden-Markov-Models\Standing_3-2025-10-25_05-47-12\Accelerometer.csv,Standing
,,,,,,,,,,,,,,,,,,,0.003114201588760152,0.03418999113361673,0.0011689554937167907,0.003114201588760152,0.03418999113361673,0.0011689554937167907,,,,0.007558301997323875,0.03566337627461002,0.0012718764073044167,0.02043380022236267,,0.49627466728933767,,0.2827876817520123,191.90048320569795,0.19653740606533038,c:\Users\HP\Hidden-Markov-Models\Standing_3-2025-10-25_05-47-12\Gyroscope.csv,Standing
0.0035001422607465952,0.1282675519787082,0.01645256489061061,0.0035001422607465952,0.1282675519787082,0.01645256489061061,,,,-0.00664149888671271,0.15221366020316476,0.0231689983524445,0.0885254195322691,,0.3448373394660536,,5.248599129814166,3020.591234856437,0.15182717964236617,,,,,,,,,,,,,,,,,,,,c:\Users\HP\Hidden-Markov-Models\Standing_3_-2025-10-25_05-38-51\Accelerometer.csv,Standing
,,,,,,,,,,,,,,,,,,,-0.003284311997235467,0.04516391572986686,0.002039779284054515,-0.003284311997235467,0.04516391572986686,0.002039779284054515,,,,-0.0022770692152509027,0.031238497461321436,0.0009758437236409859,0.02867328129396016,,-0.26253926474667866,,0.5337558437099152,374.538930439845,0.13623906805614255,c:\Users\HP\Hidden-Markov-Models\Standing_3_-2025-10-25_05-38-51\Gyroscope.csv,Standing
0.0029254810969979103,0.0049571272449869105,2.457311052299152e-05,0.0029254810969979103,0.0049571272449869105,2.457311052299152e-05,,,,0.0008701282365212808,0.006071532392512879,3.686350559333317e-05,0.004549598425677304,,-0.12388104893782512,,0.2750538882229231,4.261259203366775,0.05451142592932407,,,,,,,,,,,,,,,,,,,,c:\Users\HP\Hidden-Markov-Models\Still_1-2025-10-24_13-06-32\Accelerometer.csv,Still
,,,,,,,,,,,,,,,,,,,-0.00019697235074379098,0.00048516034413605873,2.3538055952221894e-07,-0.00019697235074379098,0.00048516034413605873,2.3538055952221894e-07,,,,0.0009473309185260664,0.0004427613073078637,1.960375752489685e-07,0.00042008691165448526,,-0.06241948781040466,,13.980034869780223,0.040914068470856865,0.06044972720411275,c:\Users\HP\Hidden-Markov-Models\Still_1-2025-10-24_13-06-32\Gyroscope.csv,Still
0.013027210013934254,0.005578067901245637,3.111484151090691e-05,0.013027210013934254,0.005578067901245637,3.111484151090691e-05,,,,0.002074867805127983,0.006302196212341139,3.9717677098846995e-05,0.013133191659357151,,-0.2095642118513153,,0.7675917371448817,4.884745733683532,0.06838303768706143,,,,,,,,,,,,,,,,,,,,c:\Users\HP\Hidden-Markov-Models\Still_1-2025-10-25_05-17-55\Accelerometer.csv,Still
,,,,,,,,,,,,,,,,,,,-0.00012757685603039163,0.0010612497536769212,1.1262510396793258e-06,-0.00012757685603039163,0.0010612497536769212,1.1262510396793258e-06,,,,-0.0009184447220721653,0.0004300030359283555,1.849026109076026e-07,0.0004772923580615518,,-0.005972754567134506,,4.125805587153333,0.17773248167969352,0.050068490777042764,c:\Users\HP\Hidden-Markov-Models\Still_1-2025-10-25_05-17-55\Gyroscope.csv,Still
0.008464555840395828,0.004908855012117074,2.409685752998692e-05,0.008464555840395828,0.004908855012117074,2.409685752998692e-05,,,,0.0015824121833895061,0.006396421765038749,4.0914211396261425e-05,0.008661805129952037,,-0.2203849567267162,,0.09493059498121231,3.892344575956846,0.059859119434806485,,,,,,,,,,,,,,,,,,,,c:\Users\HP\Hidden-Markov-Models\Still_1_-2025-10-25_05-26-57\Accelerometer.csv,Still
,,,,,,,,,,,,,,,,,,,-8.990940822427838e-05,0.0004905281897667365,2.406179049558314e-07,-8.990940822427838e-05,0.0004905281897667365,2.406179049558314e-07,,,,-0.0008556155806246435,0.00044696113287485896,1.9977425430077734e-07,0.00037654600978163303,,-0.12093851617788033,,3.987084989210917,0.03893639147836138,0.06954084644178377,c:\Users\HP\Hidden-Markov-Models\Still_1_-2025-10-25_05-26-57\Gyroscope.csv,Still
0.0031698145774296353,0.004415831294001105,1.9499566017079473e-05,0.0031698145774296353,0.004415831294001105,1.9499566017079473e-05,,,,0.004223300351036897,0.006240282538468999,3.89411261599211e-05,0.0042619916688029485,,-0.03733607214277283,,5.990488399484491,3.2271350155160485,0.054419168041184594,,,,,,,,,,,,,,,,,,,,c:\Users\HP\Hidden-Markov-Models\Still_1_-2025-10-25_05-35-19\Accelerometer.csv,Still
,,,,,,,,,,,,,,,,,,,-0.00013908155032863186,0.0005107848651507091,2.609011784670281e-07,-0.00013908155032863186,0.0005107848651507091,2.609011784670281e-07,,,,4.446375195059374e-05,0.00047774581447566987,2.2824106324902118e-07,0.000399776775469748,,0.02898581322961773,,7.862516024323417,0.04338375036852703,0.045643718553958365,c:\Users\HP\Hidden-Markov-Models\Still_1_-2025-10-25_05-35-19\Gyroscope.csv,Still
0.007154153987161205,0.05328460430557338,0.0028392490560015292,0.007154153987161205,0.05328460430557338,0.0028392490560015292,,,,-0.005228189197746482,0.04025014051642827,0.0016200738115922206,0.036833989887020024,,-0.22480887003628608,,3.0963463895227963,497.52356392969705,0.15361869993321625,,,,,,,,,,,,,,,,,,,,c:\Users\HP\Hidden-Markov-Models\Still_1_-2025-10-25_05-47-44\Accelerometer.csv,Still
,,,,,,,,,,,,,,,,,,,-0.0005933356478819722,0.012856342370264005,0.00016528553914144548,-0.0005933356478819722,0.012856342370264005,0.00016528553914144548,,,,-0.00047693471620597467,0.015668703223328553,0.0002455082607007466,0.00754803253559966,,-0.035140017481512825,,4.1891745270014304,29.06092252499006,0.09707437018832557,c:\Users\HP\Hidden-Markov-Models\Still_1_-2025-10-25_05-47-44\Gyroscope.csv,Still
-0.010746716992142228,0.004895782266358871,2.3968683999594006e-05,-0.010746716992142228,0.004895782266358871,2.3968683999594006e-05,,,,-0.0006096453191488394,0.006730141333530524,4.5294802369296015e-05,0.010936336879877651,,0.3013774946111401,,0.09262094201106008,4.059378242488916,0.09791811165218615,,,,,,,,,,,,,,,,,,,,c:\Users\HP\Hidden-Markov-Models\Still_2-2025-10-24_13-13-52\Accelerometer.csv,Still
,,,,,,,,,,,,,,,,,,,-0.00017777019015531115,0.0004772658090116741,2.277826524515678e-07,-0.00017777019015531115,0.0004772658090116741,2.277826524515678e-07,,,,0.002168402812664457,0.00046416918640717345,2.1545303360989734e-07,0.00040421400921688714,,0.02967020451939602,,9.539957027139188,0.038488450273191505,0.0722756709022699,c:\Users\HP\Hidden-Markov-Models\Still_2-2025-10-24_13-13-52\Gyroscope.csv,Still
0.01265614822661584,0.010152717756818218,0.00010307767784961196,0.01265614822661584,0.010152717756818218,0.00010307767784961196,,,,0.00023668117589191156,0.005706193731543016,3.2560646901900815e-05,0.014180928262459728,,-0.0038109983839180782,,5.7835905194596995,17.218071666182908,0.36246342588009,,,,,,,,,,,,,,,,,,,,c:\Users\HP\Hidden-Markov-Models\Still_2-2025-10-25_05-23-46\Accelerometer.csv,Still
,,,,,,,,,,,,,,,,,,,0.0001062113444472585,0.0007000558053706559,4.900781306331576e-07,0.0001062113444472585,0.0007000558053706559,4.900781306331576e-07,,,,-0.0013675369430255508,0.0004566725022631407,2.0854977432327828e-07,0.0004919539886497201,,-0.09037395880881456,,0.2798658393132563,0.08183087689500662,0.08720977382741334,c:\Users\HP\Hidden-Markov-Models\Still_2-2025-10-25_05-23-46\Gyroscope.csv,Still
0.008382394688188492,0.005037186323782127,2.53732460604977e-05,0.008382394688188492,0.005037186323782127,2.53732460604977e-05,,,,0.0011430314749725553,0.006249914382991198,3.906142979472025e-05,0.008594420724663805,,-0.2232676930963763,,5.979839830450884,4.6358277752669235,0.07324293420104301,,,,,,,,,,,,,,,,,,,,c:\Users\HP\Hidden-Markov-Models\Still_2-2025-10-25_05-27-34\Accelerometer.csv,Still
,,,,,,,,,,,,,,,,,,,-6.035391731942951e-05,0.0004792212258923431,2.296529833457601e-07,-6.035391731942951e-05,0.0004792212258923431,2.296529833457601e-07,,,,-0.0010644467086484545,0.00041212236791936306,1.6984484613946283e-07,0.00039374953024037574,,0.004406413531167633,,10.229917748890358,0.04216198201093775,0.07350202620657793,c:\Users\HP\Hidden-Markov-Models\Still_2-2025-10-25_05-27-34\Gyroscope.csv,Still
0.0006720090560682515,0.06335670144302898,0.00401407161774111,0.0006720090560682515,0.06335670144302898,0.00401407161774111,,,,-0.012126356453333735,0.060089596203181404,0.0036107595718613927,0.028527466191986133,,0.3409811555560579,,2.523549966392889,879.5509395689439,0.104155126822437,,,,,,,,,,,,,,,,,,,,c:\Users\HP\Hidden-Markov-Models\Still_2-2025-10-25_05-35-56\Accelerometer.csv,Still
,,,,,,,,,,,,,,,,,,,-0.0012191570155727634,0.010572111285508664,0.00011176953703317964,-0.0012191570155727634,0.010572111285508664,0.00011176953703317964,,,,0.00017162779552912377,0.014400586331648861,0.000207376886695272,0.00538758977155937,,-0.024586244447740737,,7.407840223927512,24.489232952172053,0.07446614515287345,c:\Users\HP\Hidden-Markov-Models\Still_2-2025-10-25_05-35-56\Gyroscope.csv,Still
0.002677386935945108,0.019564422515529138,0.00038276662836614345,0.002677386935945108,0.019564422515529138,0.00038276662836614345,,,,0.0014767983776941727,0.02032315724668702,0.0004130307204735671,0.015448638070177224,,-0.17801270889800014,,7.620978380311666,61.30917708370485,0.10993448161209057,,,,,,,,,,,,,,,,,,,,c:\Users\HP\Hidden-Markov-Models\Still_2-2025-10-25_05-48-15\Accelerometer.csv,Still
,,,,,,,,,,,,,,,,,,,-0.00021371574201037958,0.005183473799483707,2.686840062993405e-05,-0.00021371574201037958,0.005183473799483707,2.686840062993405e-05,,,,-0.00034259158396859695,0.004507493373780937,2.0317496514679058e-05,0.0037982687179567085,,-0.09396926360220208,,9.335943438055645,4.318909107629987,0.14319442288335202,c:\Users\HP\Hidden-Markov-Models\Still_2-2025-10-25_05-48-15\Gyroscope.csv,Still
0.00664536875610982,0.03594635784538726,0.0012921406423486341,0.00664536875610982,0.03594635784538726,0.0012921406423486341,,,,0.0019767425616859183,0.03926500041756108,0.0015417402577910715,0.02658580770579775,,-0.3424355810799229,,5.917738373073515,212.6928342051667,0.0830761577534667,,,,,,,,,,,,,,,,,,,,c:\Users\HP\Hidden-Markov-Models\Still_3-2025-10-25_05-28-06\Accelerometer.csv,Still
,,,,,,,,,,,,,,,,,,,-0.00021922395056363318,0.011310485323450371,0.00012792707825198625,-0.00021922395056363318,0.011310485323450371,0.00012792707825198625,,,,-0.0008747673318445436,0.008180483965848586,6.69203179155058e-05,0.00670335694564622,,0.27121791397892253,,1.1271882615378126,21.07444430061368,0.07548851294326867,c:\Users\HP\Hidden-Markov-Models\Still_3-2025-10-25_05-28-06\Gyroscope.csv,Still
-0.11657272711127066,1.2060282858353897,1.4545042262350483,-0.11657272711127066,1.2060282858353897,1.4545042262350483,,,,0.02287440777607935,1.6589321532406118,2.752055889055533,0.8834228445278796,,-0.247240459446412,,0.7092745241547912,269698.7931144957,0.16694339501998454,,,,,,,,,,,,,,,,,,,,c:\Users\HP\Hidden-Markov-Models\Walking_1-2025-10-24_13-02-24\Accelerometer.csv,Walking
,,,,,,,,,,,,,,,,,,,0.014649176472730702,0.672889397304778,0.4527801410051875,0.014649176472730702,0.672889397304778,0.4527801410051875,,,,0.20896380105666046,0.5500075818236351,0.3025083400634826,0.5030125321935838,,0.15467324455210393,,4.344306460448096,83963.77039721435,0.2069584881234905,c:\Users\HP\Hidden-Markov-Models\Walking_1-2025-10-24_13-02-24\Gyroscope.csv,Walking
0.05161553580043225,0.701235336667847,0.49173099739166864,0.05161553580043225,0.701235336667847,0.49173099739166864,,,,-0.016479123422431283,0.8750503448127132,0.7657131059568482,0.5534865560209875,,0.11386119593441395,,0.5596949662433977,82139.69232269778,0.3246060145734536,,,,,,,,,,,,,,,,,,,,c:\Users\HP\Hidden-Markov-Models\Walking_1-2025-10-25_05-20-05\Accelerometer.csv,Walking
,,,,,,,,,,,,,,,,,,,-0.07788884862815554,0.4762144220720783,0.22678017578944357,-0.07788884862815554,0.4762144220720783,0.22678017578944357,,,,0.3613849682652713,0.6700458402660436,0.4489614280578285,0.36701280693574023,,0.03000172356420982,,1.2168977663271374,37750.733181805845,0.24067821124930588,c:\Users\HP\Hidden-Markov-Models\Walking_1-2025-10-25_05-20-05\Gyroscope.csv,Walking
0.2491333202068052,0.6290398245181876,0.3956911008298723,0.2491333202068052,0.6290398245181876,0.3956911008298723,,,,0.1206515630086263,0.9236479072262012,0.8531254565233412,0.5343501931748036,,0.17652633617246688,,0.7462648496866559,66325.83050471033,0.2429149116196089,,,,,,,,,,,,,,,,,,,,c:\Users\HP\Hidden-Markov-Models\Walking_1-2025-10-25_05-30-47\Accelerometer.csv,Walking
,,,,,,,,,,,,,,,,,,,0.11641387733556845,0.3811970009752453,0.14531115355252114,0.11641387733556845,0.3811970009752453,0.14531115355252114,,,,-0.49320509144915703,0.6300811477311085,0.3970022527261509,0.3168145067952026,,0.046400690183988604,,0.6529817434758238,24357.068523146463,0.2039815992832769,c:\Users\HP\Hidden-Markov-Models\Walking_1-2025-10-25_05-30-47\Gyroscope.csv,Walking
0.12568924864738323,0.8481532312928578,0.719363903752516,0.12568924864738323,0.8481532312928578,0.719363903752516,,,,0.11260340379176002,1.0101291709605098,1.0203609420253668,0.6413101398601951,,0.02188177600209477,,0.7310061869162068,125629.76735851394,0.40068316979508223,,,,,,,,,,,,,,,,,,,,c:\Users\HP\Hidden-Markov-Models\Walking_1-2025-10-25_05-44-38\Accelerometer.csv,Walking
,,,,,,,,,,,,,,,,,,,-0.160864972531998,0.502234840934019,0.25223983544801937,-0.160864972531998,0.502234840934019,0.25223983544801937,,,,0.40616407399554305,0.5885672479352188,0.3464114053420373,0.3956628759300404,,-0.2647981028342822,,0.1827515467290517,44051.21818603714,0.2927698158100177,c:\Users\HP\Hidden-Markov-Models\Walking_1-2025-10-25_05-44-38\Gyroscope.csv,Walking
0.01661606296005412,0.6345819443125027,0.40269424404743626,0.01661606296005412,0.6345819443125027,0.40269424404743626,,,,0.022783578562940287,0.803132169218105,0.6450212812329789,0.4969691915389819,,0.13057009404056197,,0.8308982721670607,68905.82399938299,0.16795114963319605,,,,,,,,,,,,,,,,,,,,c:\Users\HP\Hidden-Markov-Models\Walking_1_-2025-10-25_05-39-27\Accelerometer.csv,Walking
,,,,,,,,,,,,,,,,,,,-0.003946360251985682,0.33144470096601497,0.10985558979845109,-0.003946360251985682,0.33144470096601497,0.10985558979845109,,,,0.21112081980866054,0.6299469585759938,0.39683317061914486,0.25759755244645743,,0.05829612506671713,,0.9232203024078451,18797.637632121012,0.20068203154913392,c:\Users\HP\Hidden-Markov-Models\Walking_1_-2025-10-25_05-39-27\Gyroscope.csv,Walking
-0.04773300249001076,0.6856080012175223,0.47005833133348607,-0.04773300249001076,0.6856080012175223,0.47005833133348607,,,,0.05373268620721225,0.8828441015805029,0.7794137076954852,0.5236701373396249,,0.381690747143065,,0.18589992629358887,79063.33143560594,0.23984576260875506,,,,,,,,,,,,,,,,,,,,c:\Users\HP\Hidden-Markov-Models\Walking_2-2025-10-24_13-15-40\Accelerometer.csv,Walking
,,,,,,,,,,,,,,,,,,,-0.0296928373044999,0.36139246420916044,0.1306045131871693,-0.0296928373044999,0.36139246420916044,0.1306045131871693,,,,0.15892442031000772,0.44049650758465614,0.19403717319427904,0.277981974895048,,-0.22012367154804477,,0.09294996314679443,21967.678716836002,0.13849321580985208,c:\Users\HP\Hidden-Markov-Models\Walking_2-2025-10-24_13-15-40\Gyroscope.csv,Walking
0.17258826547380582,0.8159204101120311,0.6657261156373849,0.17258826547380582,0.8159204101120311,0.6657261156373849,,,,0.06702370913523548,0.9250522176030536,0.8557216052923271,0.6812585840707782,,0.1794358195228356,,0.7411425012021462,113135.4601817749,0.2131575328176981,,,,,,,,,,,,,,,,,,,,c:\Users\HP\Hidden-Markov-Models\Walking_2-2025-10-25_05-21-44\Accelerometer.csv,Walking
,,,,,,,,,,,,,,,,,,,0.12704837134922256,0.44080771286970694,0.194311439725422,0.12704837134922256,0.44080771286970694,0.194311439725422,,,,-0.5229292607835876,0.796112686313953,0.6337954093100185,0.355279453229866,,-0.005275746016622991,,1.6675925037952681,33021.9411618707,0.2570529110759975,c:\Users\HP\Hidden-Markov-Models\Walking_2-2025-10-25_05-21-44\Gyroscope.csv,Walking
0.017876218150548497,0.6404365608136577,0.4101589884268259,0.017876218150548497,0.6404365608136577,0.4101589884268259,,,,0.035050947516397625,0.8485477436615996,0.7200332732731918,0.4944447267844843,,0.06589313124840587,,0.18338248866019996,71146.20007293505,0.37468848177584557,,,,,,,,,,,,,,,,,,,,c:\Users\HP\Hidden-Markov-Models\Walking_2-2025-10-25_05-31-16\Accelerometer.csv,Walking
,,,,,,,,,,,,,,,,,,,-0.058036073267406015,0.38129678686051377,0.14538723967015205,-0.058036073267406015,0.38129678686051377,0.14538723967015205,,,,0.21659352925652003,0.6924979096821774,0.4795533549141851,0.3111810990055662,,-0.37803263139047144,,0.18337888033137412,25133.3195112472,0.2589060135504687,c:\Users\HP\Hidden-Markov-Models\Walking_2-2025-10-25_05-31-16\Gyroscope.csv,Walking
0.17985459186058841,0.6453208362929057,0.4164389817537752,0.17985459186058841,0.6453208362929057,0.4164389817537752,,,,0.09510951008946222,0.8441019758299071,0.7125081455999531,0.5318199528011296,,0.17219575493665276,,0.8453690178859706,68603.08194046131,0.32125738339685417,,,,,,,,,,,,,,,,,,,,c:\Users\HP\Hidden-Markov-Models\Walking_2-2025-10-25_05-45-04\Accelerometer.csv,Walking
,,,,,,,,,,,,,,,,,,,0.15034106308746192,0.3615735951861705,0.13073546473585268,0.15034106308746192,0.3615735951861705,0.13073546473585268,,,,-0.4655268288010974,0.5517554452380192,0.3044340713498049,0.30627708916117075,,-0.16677150934068932,,1.690782392306638,21612.167843420317,0.20651458852427895,c:\Users\HP\Hidden-Markov-Models\Walking_2-2025-10-25_05-45-04\Gyroscope.csv,Walking
0.20108730317605822,0.6136700639331217,0.3765909473676818,0.20108730317605822,0.6136700639331217,0.3765909473676818,,,,0.12859642546894642,0.9207401190687623,0.8477623668627586,0.5117859922375233,,0.03539610241003509,,0.7462697444462703,62905.60435063733,0.3107460561388645,,,,,,,,,,,,,,,,,,,,c:\Users\HP\Hidden-Markov-Models\Walking_2_-2025-10-25_05-39-56\Accelerometer.csv,Walking
,,,,,,,,,,,,,,,,,,,0.0731803995651188,0.3434935483981334,0.11798781779114081,0.0731803995651188,0.3434935483981334,0.11798781779114081,,,,-0.38184096448519833,0.6271624710352325,0.39333276507501885,0.27651855865403585,,-0.013178608269671665,,1.399182352812698,19708.879407185443,0.3298618142327799,c:\Users\HP\Hidden-Markov-Models\Walking_2_-2025-10-25_05-39-56\Gyroscope.csv,Walking
-0.006767909826387015,0.8070879571923462,0.6513909706449145,-0.006767909826387015,0.8070879571923462,0.6513909706449145,,,,0.097754861319537,1.0789364037215883,1.164103763275674,0.6173895170684526,,0.2758104179897348,,0.74359970517432,109931.0006220155,0.25045307198349903,,,,,,,,,,,,,,,,,,,,c:\Users\HP\Hidden-Markov-Models\Walking_3-2025-10-24_13-19-59\Accelerometer.csv,Walking
,,,,,,,,,,,,,,,,,,,0.00019397797283801456,0.39728454159809373,0.15783500699280748,0.00019397797283801456,0.39728454159809373,0.15783500699280748,,,,0.02763242760140981,0.3375543473712472,0.1139429374292286,0.30959126895717176,,-0.08572962939629886,,2.13784915237617,26638.96818078042,0.1748470346400751,c:\Users\HP\Hidden-Markov-Models\Walking_3-2025-10-24_13-19-59\Gyroscope.csv,Walking
0.2758004741180838,0.958080084506245,0.9179174483274936,0.2758004741180838,0.958080084506245,0.9179174483274936,,,,0.005215916958154808,1.2362174459952795,1.5282335737830919,0.7660563227575903,,0.09441619408992356,,3.3936525055044022,150686.1470147093,0.15791748571063075,,,,,,,,,,,,,,,,,,,,c:\Users\HP\Hidden-Markov-Models\Walking_3-2025-10-25_05-24-37\Accelerometer.csv,Walking
,,,,,,,,,,,,,,,,,,,-0.034258483100867786,0.5945996135030313,0.35354870037795416,-0.034258483100867786,0.5945996135030313,0.35354870037795416,,,,-0.05155756024247195,0.8480984073267435,0.7192709085101588,0.45336073403649785,,-0.00468415637235535,,4.336333757033403,58040.12449800813,0.20427686780393117,c:\Users\HP\Hidden-Markov-Models\Walking_3-2025-10-25_05-24-37\Gyroscope.csv,Walking
0.10758800125042993,0.6249819656853699,0.39060245743194894,0.10758800125042993,0.6249819656853699,0.39060245743194894,,,,0.08318420587289788,0.9306197050283869,0.8660530353871218,0.4939888286748731,,0.08613720603236628,,0.7164001591612349,71012.88433941259,0.346797980801561,,,,,,,,,,,,,,,,,,,,c:\Users\HP\Hidden-Markov-Models\Walking_3-2025-10-25_05-31-48\Accelerometer.csv,Walking
,,,,,,,,,,,,,,,,,,,0.017810586679021384,0.3251432214938975,0.1057181144834297,0.017810586679021384,0.3251432214938975,0.1057181144834297,,,,-0.08433370462632692,0.7234063686874497,0.5233167742575623,0.2437413741193984,,-0.22731708539291273,,0.7164001591612349,19156.30259058584,0.26748291395084994,c:\Users\HP\Hidden-Markov-Models\Walking_3-2025-10-25_05-31-48\Gyroscope.csv,Walking
0.2610871523542801,0.8944626101689573,0.8000633609902642,0.2610871523542801,0.8944626101689573,0.8000633609902642,,,,0.053197081101163335,1.2202706536026788,1.4890604680439092,0.7022685096401513,,0.03481508798006254,,1.1919627221537754,138778.227469352,0.34672233278197356,,,,,,,,,,,,,,,,,,,,c:\Users\HP\Hidden-Markov-Models\Walking_3-2025-10-25_05-40-57\Accelerometer.csv,Walking
,,,,,,,,,,,,,,,,,,,0.052244293639445855,0.5262354398223588,0.27692373812503135,0.052244293639445855,0.5262354398223588,0.27692373812503135,,,,-0.3610623256522365,0.7232837961525893,0.5231394497769004,0.4058558895333286,,-0.0011290812097907647,,0.6418260811597252,48035.25722406806,0.20720636180471103,c:\Users\HP\Hidden-Markov-Models\Walking_3-2025-10-25_05-40-57\Gyroscope.csv,Walking
-0.006392386610218371,0.6751888884258672,0.45588003505375824,-0.006392386610218371,0.6751888884258672,0.45588003505375824,,,,0.046841051733235946,0.8715019744058821,0.7595156913933506,0.5428150740518745,,0.08670104626652254,,0.8086350571901313,82332.09742268144,0.32690623064753854,,,,,,,,,,,,,,,,,,,,c:\Users\HP\Hidden-Markov-Models\Walking_3-2025-10-25_05-45-32\Accelerometer.csv,Walking
,,,,,,,,,,,,,,,,,,,0.02859839972204679,0.3244003516560983,0.10523558815460024,0.02859839972204679,0.3244003516560983,0.10523558815460024,,,,-0.07008735471352402,0.4497152387013488,0.2022437959202111,0.25491070342304406,,0.24477733193289725,,1.078151790927035,19005.546587951445,0.31574212636931553,c:\Users\HP\Hidden-Markov-Models\Walking_3-2025-10-25_05-45-32\Gyroscope.csv,Walking
